cuadrante_id,cluster_kmeans
0.0,2
1.0,2
10.0,0
100.0,3
101.0,3
102.0,3
103.0,2
104.0,3
105.0,1
106.0,3
107.0,3
108.0,2
109.0,2
11.0,0
110.0,2
111.0,3
112.0,2
113.0,2
114.0,2
115.0,0
116.0,2
117.0,0
118.0,3
119.0,3
12.0,2
120.0,3
121.0,3
122.0,1
123.0,0
124.0,1
125.0,3
126.0,3
127.0,3
128.0,2
129.0,0
13.0,2
130.0,3
131.0,3
132.0,3
133.0,3
134.0,2
135.0,2
136.0,0
137.0,3
138.0,3
139.0,3
14.0,2
140.0,1
141.0,3
142.0,3
143.0,3
144.0,1
145.0,2
146.0,1
147.0,1
148.0,3
149.0,3
15.0,2
150.0,1
151.0,1
152.0,1
153.0,3
154.0,1
155.0,1
156.0,2
157.0,3
158.0,1
159.0,1
16.0,2
160.0,3
161.0,2
162.0,2
163.0,0
164.0,2
165.0,1
166.0,1
167.0,3
168.0,3
169.0,3
17.0,3
170.0,2
171.0,0
172.0,3
173.0,3
174.0,0
175.0,0
176.0,0
177.0,2
178.0,0
179.0,1
18.0,3
180.0,3
181.0,3
182.0,3
183.0,3
184.0,3
185.0,0
186.0,1
187.0,2
188.0,2
189.0,3
19.0,2
190.0,3
191.0,0
192.0,2
193.0,0
194.0,3
195.0,0
196.0,3
197.0,3
198.0,3
199.0,3
2.0,0
20.0,1
200.0,0
201.0,3
202.0,3
203.0,2
204.0,3
205.0,2
206.0,3
207.0,3
208.0,3
209.0,3
21.0,2
210.0,1
211.0,3
212.0,3
213.0,3
214.0,3
215.0,3
216.0,3
217.0,2
218.0,2
219.0,3
22.0,2
220.0,1
221.0,3
222.0,3
223.0,1
224.0,1
225.0,3
226.0,3
227.0,1
228.0,1
229.0,3
23.0,3
230.0,0
231.0,1
232.0,1
233.0,1
234.0,3
235.0,3
236.0,3
237.0,1
238.0,0
239.0,0
24.0,3
240.0,2
241.0,3
242.0,0
243.0,1
244.0,1
245.0,1
246.0,1
247.0,1
248.0,3
249.0,3
25.0,3
250.0,1
251.0,3
252.0,1
253.0,3
254.0,1
255.0,3
256.0,1
257.0,0
258.0,0
259.0,2
26.0,1
260.0,3
261.0,1
262.0,3
263.0,2
264.0,0
265.0,1
266.0,3
267.0,3
268.0,3
269.0,1
27.0,1
270.0,3
271.0,1
272.0,1
273.0,3
274.0,1
275.0,1
276.0,1
277.0,3
278.0,1
279.0,2
28.0,1
280.0,1
281.0,1
282.0,2
283.0,2
284.0,1
285.0,3
286.0,1
287.0,0
288.0,3
289.0,0
29.0,1
290.0,3
291.0,0
292.0,2
293.0,2
294.0,0
295.0,3
296.0,3
297.0,2
298.0,2
299.0,2
3.0,2
30.0,1
300.0,2
301.0,2
302.0,0
303.0,1
304.0,0
305.0,2
306.0,0
307.0,2
308.0,2
309.0,0
31.0,3
310.0,1
311.0,3
312.0,3
313.0,3
314.0,3
315.0,3
316.0,3
317.0,3
318.0,2
319.0,1
32.0,3
320.0,1
321.0,3
322.0,1
323.0,3
324.0,3
325.0,3
326.0,3
327.0,0
328.0,3
329.0,1
33.0,3
330.0,2
331.0,2
332.0,2
333.0,1
334.0,3
335.0,3
336.0,1
337.0,1
338.0,1
339.0,1
34.0,0
340.0,3
341.0,3
342.0,1
343.0,3
344.0,3
345.0,0
346.0,0
347.0,0
348.0,1
349.0,0
35.0,2
350.0,0
351.0,3
352.0,2
353.0,2
354.0,3
355.0,3
356.0,3
357.0,1
358.0,3
359.0,1
36.0,1
360.0,2
361.0,2
362.0,2
363.0,2
364.0,2
365.0,2
366.0,2
367.0,3
368.0,0
369.0,2
37.0,3
370.0,2
371.0,0
372.0,2
373.0,2
374.0,2
375.0,2
376.0,2
377.0,2
378.0,3
379.0,3
38.0,2
380.0,2
381.0,3
382.0,2
383.0,2
384.0,3
385.0,1
386.0,3
387.0,0
388.0,0
389.0,2
39.0,3
390.0,2
391.0,2
392.0,3
393.0,2
394.0,2
395.0,3
396.0,2
397.0,0
398.0,2
399.0,2
4.0,2
40.0,1
400.0,1
401.0,3
402.0,1
403.0,3
404.0,0
405.0,2
406.0,3
407.0,3
408.0,3
409.0,0
41.0,0
410.0,0
411.0,0
412.0,2
413.0,3
414.0,1
415.0,2
416.0,3
417.0,1
418.0,1
419.0,2
42.0,3
420.0,3
421.0,3
422.0,3
423.0,3
424.0,3
425.0,1
426.0,0
427.0,3
428.0,3
429.0,3
43.0,2
430.0,3
431.0,1
432.0,3
433.0,1
434.0,3
435.0,3
436.0,1
437.0,3
438.0,1
439.0,3
44.0,3
440.0,2
441.0,3
442.0,1
443.0,2
444.0,1
445.0,2
446.0,2
447.0,2
448.0,3
449.0,3
45.0,3
450.0,0
451.0,0
452.0,1
453.0,3
454.0,3
455.0,3
456.0,1
457.0,3
458.0,1
459.0,0
46.0,2
460.0,0
461.0,3
462.0,0
463.0,0
464.0,3
465.0,3
466.0,3
467.0,3
468.0,1
469.0,3
47.0,0
470.0,3
471.0,3
472.0,3
473.0,3
474.0,2
475.0,3
476.0,3
477.0,2
478.0,3
479.0,1
48.0,3
480.0,2
481.0,2
482.0,1
483.0,3
484.0,2
485.0,3
486.0,2
487.0,2
488.0,0
489.0,3
49.0,3
490.0,3
491.0,1
492.0,1
493.0,2
494.0,1
495.0,3
496.0,1
497.0,2
498.0,2
499.0,1
5.0,2
50.0,1
500.0,1
501.0,3
502.0,1
503.0,1
504.0,2
505.0,0
506.0,1
507.0,0
508.0,0
509.0,0
51.0,3
510.0,1
511.0,1
512.0,1
513.0,3
514.0,0
515.0,3
516.0,3
517.0,3
518.0,2
519.0,0
52.0,3
520.0,1
521.0,3
522.0,3
523.0,3
524.0,1
525.0,3
526.0,2
527.0,3
528.0,0
529.0,2
53.0,3
530.0,1
531.0,2
532.0,3
533.0,2
534.0,1
535.0,0
536.0,3
537.0,1
538.0,3
539.0,3
54.0,3
540.0,3
541.0,3
542.0,2
543.0,3
544.0,3
545.0,1
546.0,2
547.0,0
548.0,3
549.0,0
55.0,3
550.0,2
551.0,3
552.0,3
553.0,2
554.0,0
555.0,0
556.0,3
557.0,3
558.0,3
559.0,2
56.0,1
560.0,0
561.0,0
562.0,0
563.0,0
564.0,3
565.0,2
566.0,2
567.0,2
568.0,2
569.0,1
57.0,1
570.0,1
571.0,1
572.0,3
573.0,3
574.0,2
575.0,3
576.0,3
577.0,3
578.0,1
579.0,0
58.0,3
580.0,2
581.0,1
582.0,1
583.0,1
584.0,3
585.0,3
586.0,0
587.0,3
588.0,3
589.0,3
59.0,0
590.0,3
591.0,3
592.0,0
593.0,3
594.0,2
595.0,2
596.0,3
597.0,3
598.0,3
599.0,0
6.0,0
60.0,0
600.0,0
601.0,3
602.0,3
603.0,1
604.0,2
605.0,3
606.0,0
607.0,3
608.0,3
609.0,3
61.0,0
610.0,0
611.0,3
612.0,3
613.0,3
614.0,2
615.0,2
616.0,3
617.0,3
618.0,0
619.0,2
62.0,0
620.0,2
621.0,1
622.0,3
623.0,3
624.0,3
625.0,0
626.0,1
627.0,0
628.0,2
629.0,2
63.0,2
630.0,2
631.0,2
632.0,2
633.0,2
634.0,2
635.0,2
636.0,2
637.0,2
638.0,2
639.0,2
64.0,2
640.0,2
641.0,2
642.0,2
643.0,2
644.0,2
645.0,2
646.0,2
647.0,0
648.0,2
649.0,2
65.0,0
650.0,2
651.0,3
652.0,2
653.0,3
654.0,3
655.0,3
656.0,2
657.0,2
658.0,2
659.0,3
66.0,3
660.0,2
661.0,2
662.0,3
663.0,3
664.0,0
665.0,2
666.0,3
667.0,2
668.0,2
669.0,2
67.0,0
670.0,0
671.0,2
672.0,2
673.0,2
674.0,2
675.0,3
676.0,2
677.0,2
678.0,2
679.0,0
68.0,1
680.0,2
681.0,2
682.0,2
683.0,2
684.0,3
685.0,3
686.0,3
687.0,3
688.0,1
689.0,3
69.0,1
690.0,1
691.0,3
692.0,3
693.0,3
694.0,2
695.0,2
696.0,3
697.0,3
698.0,1
699.0,2
7.0,3
70.0,2
700.0,2
701.0,3
702.0,1
703.0,3
704.0,2
705.0,3
706.0,3
707.0,3
708.0,3
709.0,2
71.0,2
710.0,3
711.0,3
712.0,3
713.0,3
714.0,1
715.0,1
716.0,1
717.0,3
718.0,1
719.0,1
72.0,2
720.0,1
721.0,1
722.0,1
723.0,3
724.0,1
725.0,3
726.0,3
727.0,3
728.0,0
729.0,2
73.0,2
730.0,3
731.0,3
732.0,3
733.0,0
734.0,2
735.0,3
736.0,3
737.0,3
738.0,1
739.0,3
74.0,2
740.0,3
741.0,2
742.0,1
743.0,0
744.0,3
745.0,3
746.0,1
747.0,0
748.0,0
749.0,2
75.0,2
750.0,3
751.0,2
752.0,2
753.0,2
754.0,1
755.0,3
756.0,0
757.0,0
758.0,1
759.0,0
76.0,2
760.0,0
761.0,0
762.0,3
763.0,3
764.0,3
765.0,3
766.0,3
767.0,3
768.0,3
769.0,2
77.0,2
770.0,2
771.0,3
772.0,1
773.0,3
774.0,3
775.0,3
776.0,3
777.0,0
778.0,2
779.0,0
78.0,2
780.0,3
781.0,3
782.0,1
783.0,3
784.0,2
785.0,3
786.0,1
787.0,2
788.0,3
789.0,3
79.0,3
790.0,3
791.0,1
792.0,3
793.0,1
794.0,2
795.0,2
796.0,1
797.0,0
798.0,0
799.0,3
8.0,2
80.0,2
800.0,1
801.0,3
802.0,1
803.0,1
804.0,1
805.0,0
806.0,1
807.0,2
808.0,2
809.0,2
81.0,2
810.0,2
811.0,1
812.0,0
813.0,2
814.0,2
815.0,1
816.0,1
817.0,1
818.0,3
819.0,1
82.0,0
820.0,3
821.0,3
822.0,3
823.0,0
824.0,1
825.0,1
826.0,3
827.0,3
828.0,3
829.0,3
83.0,2
830.0,2
831.0,0
832.0,0
833.0,1
834.0,1
835.0,2
836.0,3
837.0,3
838.0,1
839.0,1
84.0,0
840.0,1
841.0,1
842.0,1
843.0,2
844.0,3
845.0,1
846.0,0
85.0,2
86.0,3
87.0,0
88.0,0
89.0,2
9.0,2
90.0,2
91.0,0
92.0,2
93.0,2
94.0,2
95.0,3
96.0,3
97.0,2
98.0,3
99.0,2
